Ticker,Month,Avg_Close,Max_Close,Min_Close,Total_Volume
ADANIENT.NS,2020-01,216.73,230.1055450439453,197.66493225097656,84990733
ADANIENT.NS,2020-02,240.32,256.2066345214844,216.58447265625,75284160
ADANIENT.NS,2020-03,160.27,223.61741638183597,120.60704040527344,91280370
ADANIENT.NS,2020-04,139.13,146.3445281982422,128.73728942871094,62516129
ADANIENT.NS,2020-05,138.48,147.9905242919922,131.2312469482422,68687648
ADANIENT.NS,2020-06,152.43,161.757080078125,145.84573364257812,109059623
ADANIENT.NS,2020-07,162.77,178.666015625,147.39198303222656,87015119
ADANIENT.NS,2020-08,223.92,306.80474853515625,171.83261108398438,225494825
ADANIENT.NS,2020-09,287.37,297.5771789550781,269.7946472167969,172657113
ADANIENT.NS,2020-10,316.56,338.8768615722656,306.2560729980469,116033307
ADANIENT.NS,2020-11,374.3,408.0588073730469,340.27349853515625,108853748
ADANIENT.NS,2020-12,457.48,489.6606140136719,420.8776550292969,132288318
ADANIENT.NS,2021-01,515.78,545.4251708984375,489.7104797363281,90013005
ADANIENT.NS,2021-02,705.61,841.4561157226562,535.8982543945312,197824433
ADANIENT.NS,2021-03,931.61,1055.835205078125,849.4367065429688,195970812
ADANIENT.NS,2021-04,1152.74,1222.4307861328125,1071.7965087890625,201670814
ADANIENT.NS,2021-05,1290.35,1323.485107421875,1217.3929443359375,157350068
ADANIENT.NS,2021-06,1534.05,1696.828125,1364.3858642578125,334853920
ADANIENT.NS,2021-07,1408.63,1487.595458984375,1363.2672119140625,97114255
ADANIENT.NS,2021-08,1459.02,1584.772216796875,1394.212158203125,92445588
ADANIENT.NS,2021-09,1506.58,1579.18212890625,1416.32275390625,73266296
ADANIENT.NS,2021-10,1534.71,1643.4173583984375,1396.0589599609375,57811330
ADANIENT.NS,2021-11,1641.01,1759.90966796875,1442.7257080078125,56435685
ADANIENT.NS,2021-12,1691.16,1747.881103515625,1587.117919921875,33501701
ADANIENT.NS,2022-01,1773.24,1874.4552001953125,1682.9970703125,39454077
ADANIENT.NS,2022-02,1710.9,1782.9185791015625,1541.199951171875,30103337
ADANIENT.NS,2022-03,1768.14,2011.1611328125,1561.2640380859375,33084069
ADANIENT.NS,2022-04,2213.2,2391.03369140625,2040.0098876953125,40068588
ADANIENT.NS,2022-05,2152.97,2335.332763671875,2041.556884765625,33918429
ADANIENT.NS,2022-06,2161.68,2223.582275390625,2076.04541015625,40585829
ADANIENT.NS,2022-07,2403.96,2565.680419921875,2228.22412109375,23823202
ADANIENT.NS,2022-08,2937.12,3189.97412109375,2656.506103515625,47295403
ADANIENT.NS,2022-09,3543.6,3829.297119140625,3228.82080078125,83930311
ADANIENT.NS,2022-10,3268.87,3352.501220703125,3152.97509765625,40771715
ADANIENT.NS,2022-11,3902.15,4052.24169921875,3570.8017578125,53422331
ADANIENT.NS,2022-12,3930.27,4159.59375,3637.210693359375,40808180
ADANIENT.NS,2023-01,3534.71,3850.0185546875,2757.667236328125,79652039
ADANIENT.NS,2023-02,1658.66,2161.285400390625,1191.8651123046875,309371332
ADANIENT.NS,2023-03,1801.76,2036.85595703125,1562.1572265625,228029587
ADANIENT.NS,2023-04,1820.43,1922.31298828125,1695.6739501953125,58223387
ADANIENT.NS,2023-05,2124.69,2630.092041015625,1836.4808349609373,161701363
ADANIENT.NS,2023-06,2413.23,2506.162109375,2230.490478515625,132788969
ADANIENT.NS,2023-07,2413.77,2489.991455078125,2359.95703125,52182135
ADANIENT.NS,2023-08,2517.13,2695.6591796875,2417.106201171875,138673349
ADANIENT.NS,2023-09,2492.73,2612.6328125,2411.760986328125,67079032
ADANIENT.NS,2023-10,2391.45,2504.129150390625,2201.247802734375,29755246
ADANIENT.NS,2023-11,2236.7,2421.352294921875,2147.945068359375,41413389
ADANIENT.NS,2023-12,2827.61,2989.14892578125,2360.6064453125,102053056
ADANIENT.NS,2024-01,3000.28,3139.2158203125,2891.035888671875,75432738
ADANIENT.NS,2024-02,3218.86,3324.801025390625,3150.70556640625,38842233
ADANIENT.NS,2024-03,3146.18,3315.80908203125,2903.624755859375,29268973
ADANIENT.NS,2024-04,3140.64,3265.853515625,3016.62451171875,21517479
ADANIENT.NS,2024-05,3076.56,3408.327392578125,2764.1982421875,57387652
ADANIENT.NS,2024-06,3216.87,3642.019775390625,2938.643798828125,90184498
ADANIENT.NS,2024-07,3088.93,3189.368896484375,2969.22802734375,24221872
ADANIENT.NS,2024-08,3098.03,3215.65576171875,3017.85400390625,48572789
ADANIENT.NS,2024-09,3018.93,3134.29638671875,2936.39453125,25711548
ADANIENT.NS,2024-10,3000.72,3184.521484375,2692.115478515625,30210863
ADANIENT.NS,2024-11,2676.72,3044.74072265625,2149.434326171875,107723816
ADANIENT.NS,2024-12,2465.98,2591.065673828125,2337.791015625,42696851
ADANIENT.NS,2025-01,2399.23,2596.412841796875,2224.04736328125,34194887
ADANIENT.NS,2025-02,2226.97,2352.283935546875,2094.96142578125,28826345
ADANIENT.NS,2025-03,2270.29,2367.5263671875,2116.051025390625,21244896
ADANIENT.NS,2025-04,2361.93,2452.38427734375,2211.603515625,17605722
ADANIENT.NS,2025-05,2457.61,2553.734130859375,2249.884765625,25623265
ADANIENT.NS,2025-06,2526.27,2646.300048828125,2420.60009765625,24839159
ADANIENT.NS,2025-07,2581.18,2630.199951171875,2430.699951171875,11280461
ADANIENT.NS,2025-08,2305.8,2388.39990234375,2178.10009765625,19308573
ADANIENT.NS,2025-09,2424.22,2676.39990234375,2274.199951171875,34976063
ADANIENT.NS,2025-10,2537.16,2592.699951171875,2481.0,16891221
ADANIENT.NS,2025-11,2379.32,2467.0,2255.0,37792036
ADANIENT.NS,2025-12,2240.17,2282.39990234375,2189.800048828125,20867166
BAJFINANCE.NS,2020-01,409.16,431.87640380859375,390.6043090820313,311304290
BAJFINANCE.NS,2020-02,460.38,476.9747314453125,426.0466918945313,252004780
BAJFINANCE.NS,2020-03,328.33,436.3073425292969,217.0516662597656,1022555960
BAJFINANCE.NS,2020-04,218.52,249.96987915039065,193.5862274169922,1676835410
BAJFINANCE.NS,2020-05,197.03,211.68853759765625,179.16213989257812,2057325800
BAJFINANCE.NS,2020-06,251.72,296.36688232421875,211.6689453125,3224851060
BAJFINANCE.NS,2020-07,314.93,337.1167297363281,287.15899658203125,2822194760
BAJFINANCE.NS,2020-08,336.41,359.5780944824219,310.96240234375,1250083350
BAJFINANCE.NS,2020-09,335.62,359.36749267578125,296.699951171875,985418610
BAJFINANCE.NS,2020-10,326.03,340.3296813964844,314.9051208496094,1012660540
BAJFINANCE.NS,2020-11,420.32,480.84808349609375,334.9910888671875,1325935230
BAJFINANCE.NS,2020-12,492.45,522.5137329101562,469.4214477539063,705754700
BAJFINANCE.NS,2021-01,487.57,517.2241821289062,462.3391723632813,682754090
BAJFINANCE.NS,2021-02,536.13,566.1730346679688,495.5219421386719,565118600
BAJFINANCE.NS,2021-03,525.52,544.4266357421875,501.75189208984375,432847540
BAJFINANCE.NS,2021-04,479.43,537.2758178710938,438.8052062988281,650100070
BAJFINANCE.NS,2021-05,544.64,565.3206787109375,522.1414794921875,460827530
BAJFINANCE.NS,2021-06,586.86,606.7561645507812,555.8532104492188,443841050
BAJFINANCE.NS,2021-07,602.49,627.943359375,582.9823608398438,293814830
BAJFINANCE.NS,2021-08,642.46,738.2634887695312,604.0475463867188,290361270
BAJFINANCE.NS,2021-09,741.85,775.0123291015625,727.1765747070312,262910280
BAJFINANCE.NS,2021-10,756.98,777.980224609375,726.0678100585938,242813130
BAJFINANCE.NS,2021-11,721.85,752.897216796875,667.87109375,184170460
BAJFINANCE.NS,2021-12,686.67,731.19921875,645.3538208007812,266650500
BAJFINANCE.NS,2022-01,731.59,770.4548950195312,670.8096923828125,324347450
BAJFINANCE.NS,2022-02,689.52,711.0807495117188,650.2840576171875,234113110
BAJFINANCE.NS,2022-03,666.44,712.3072509765625,600.9520263671875,318115830
BAJFINANCE.NS,2022-04,704.32,734.9422607421875,654.60107421875,221452300
BAJFINANCE.NS,2022-05,581.01,650.1221313476562,541.1757202148438,318199710
BAJFINANCE.NS,2022-06,553.38,594.3635864257812,518.4277954101562,278048540
BAJFINANCE.NS,2022-07,599.34,709.8934326171875,552.8604736328125,293309720
BAJFINANCE.NS,2022-08,714.46,741.2076416015625,685.7925415039062,233591490
BAJFINANCE.NS,2022-09,722.07,760.1585693359375,699.6179809570312,253665900
BAJFINANCE.NS,2022-10,713.86,737.4262084960938,686.4572143554688,180891290
BAJFINANCE.NS,2022-11,682.69,710.1791381835938,657.703369140625,188355620
BAJFINANCE.NS,2022-12,647.83,664.4635620117188,627.71875,198387810
BAJFINANCE.NS,2023-01,593.32,650.52978515625,567.2669067382812,285033520
BAJFINANCE.NS,2023-02,614.93,639.0775146484375,563.0276489257812,220995030
BAJFINANCE.NS,2023-03,571.71,606.0795288085938,544.9876098632812,211418220
BAJFINANCE.NS,2023-04,585.37,618.4132080078125,562.7716674804688,187938530
BAJFINANCE.NS,2023-05,659.03,689.874267578125,608.580810546875,218381650
BAJFINANCE.NS,2023-06,699.62,727.3328857421875,688.283935546875,146346300
BAJFINANCE.NS,2023-07,744.35,777.3221435546875,720.3267211914062,269058080
BAJFINANCE.NS,2023-08,704.3,721.2415161132812,678.5950927734375,189883220
BAJFINANCE.NS,2023-09,744.17,778.3309326171875,718.9571533203125,160881010
BAJFINANCE.NS,2023-10,777.0,807.7902221679688,733.9439086914062,189426450
BAJFINANCE.NS,2023-11,720.04,747.8134155273438,694.2890014648438,247568870
BAJFINANCE.NS,2023-12,728.6,754.7949829101562,708.2819213867188,212403300
BAJFINANCE.NS,2024-01,729.74,765.0152587890625,674.1549072265625,300294680
BAJFINANCE.NS,2024-02,657.04,677.2304077148438,642.3270874023438,263269340
BAJFINANCE.NS,2024-03,653.08,716.48486328125,624.121337890625,267119520
BAJFINANCE.NS,2024-04,705.88,724.78173828125,665.6502685546875,261087430
BAJFINANCE.NS,2024-05,669.74,685.4580688476562,653.1852416992188,255774060
BAJFINANCE.NS,2024-06,703.59,726.008056640625,643.7312622070312,249383930
BAJFINANCE.NS,2024-07,692.93,723.21240234375,656.6630859375,236023700
BAJFINANCE.NS,2024-08,667.08,715.599365234375,641.88916015625,203587440
BAJFINANCE.NS,2024-09,743.66,772.075927734375,719.7438354492188,318573210
BAJFINANCE.NS,2024-10,704.25,765.5759887695312,663.6946411132812,237899650
BAJFINANCE.NS,2024-11,666.64,696.3233032226562,642.5997924804688,149755080
BAJFINANCE.NS,2024-12,687.7,716.4193725585938,660.9863891601562,211398960
BAJFINANCE.NS,2025-01,734.25,785.3191528320312,689.27685546875,309141610
BAJFINANCE.NS,2025-02,835.31,865.2012939453125,795.1038208007812,278897210
BAJFINANCE.NS,2025-03,859.83,903.4303588867188,824.7807006835938,228265260
BAJFINANCE.NS,2025-04,890.18,926.5824584960938,851.5455322265625,252082890
BAJFINANCE.NS,2025-05,903.02,922.5186767578124,859.9691162109375,198201160
BAJFINANCE.NS,2025-06,925.83,960.75,893.4000244140625,218339884
BAJFINANCE.NS,2025-07,925.15,968.2999877929688,880.5,169826559
BAJFINANCE.NS,2025-08,881.85,905.2000122070312,853.0,124085179
BAJFINANCE.NS,2025-09,974.6,1029.75,889.3499755859375,179013920
BAJFINANCE.NS,2025-10,1047.25,1094.1500244140625,987.7000122070312,144605903
BAJFINANCE.NS,2025-11,1025.09,1085.0,986.2000122070312,146806457
BAJFINANCE.NS,2025-12,1013.52,1048.0,998.0,110082250
HDFCBANK.NS,2020-01,595.62,610.6914672851562,574.5567016601562,275820172
HDFCBANK.NS,2020-02,578.31,591.5111694335938,557.720703125,252625868
HDFCBANK.NS,2020-03,465.33,559.6861572265625,363.5733642578125,946251530
HDFCBANK.NS,2020-04,432.29,474.4402465820313,385.429443359375,795483142
HDFCBANK.NS,2020-05,424.67,450.68988037109375,393.3857116699219,766387108
HDFCBANK.NS,2020-06,479.96,509.604248046875,449.83734130859375,935966776
HDFCBANK.NS,2020-07,517.06,539.2034301757812,489.12152099609375,705561406
HDFCBANK.NS,2020-08,505.8,530.2762451171875,474.5350036621094,584461236
HDFCBANK.NS,2020-09,511.58,537.1195678710938,487.9849243164063,417037796
HDFCBANK.NS,2020-10,566.34,590.421875,524.238037109375,511259454
HDFCBANK.NS,2020-11,644.55,682.3690795898438,575.5276489257812,512004532
HDFCBANK.NS,2020-12,662.64,682.8189086914062,649.83349609375,448938860
HDFCBANK.NS,2021-01,684.49,712.2049560546875,649.5020141601562,406419508
HDFCBANK.NS,2021-02,745.65,770.361572265625,699.370849609375,398718668
HDFCBANK.NS,2021-03,720.77,751.5128784179688,693.0247192382812,360307156
HDFCBANK.NS,2021-04,676.73,704.1066284179688,647.4183349609375,471540594
HDFCBANK.NS,2021-05,684.43,717.8881225585938,656.7952880859375,316825524
HDFCBANK.NS,2021-06,707.55,720.1139526367188,694.3270874023438,218266468
HDFCBANK.NS,2021-07,702.86,732.2439575195312,674.1210327148438,300778694
HDFCBANK.NS,2021-08,720.27,752.1731567382812,676.6657104492188,269422820
HDFCBANK.NS,2021-09,748.86,772.9585571289062,729.4852294921875,257210606
HDFCBANK.NS,2021-10,777.69,803.2090454101562,752.7913818359375,250427640
HDFCBANK.NS,2021-11,736.09,764.2305297851562,708.65234375,259849516
HDFCBANK.NS,2021-12,706.54,739.0455322265625,678.0925903320312,225677980
HDFCBANK.NS,2022-01,724.32,744.80078125,695.9766235351562,312803614
HDFCBANK.NS,2022-02,711.09,728.2960815429688,675.1199340820312,259272004
HDFCBANK.NS,2022-03,676.88,710.673828125,630.1246337890625,429124834
HDFCBANK.NS,2022-04,688.33,788.0362548828125,638.4006958007812,676464424
HDFCBANK.NS,2022-05,640.82,674.3806762695312,619.2869873046875,401287586
HDFCBANK.NS,2022-06,647.1,671.1568603515625,616.520263671875,233619242
HDFCBANK.NS,2022-07,663.43,690.0907592773438,648.3975830078125,283971920
HDFCBANK.NS,2022-08,706.1,727.3812255859375,686.6505126953125,236677416
HDFCBANK.NS,2022-09,710.31,735.537109375,665.1421508789062,296639138
HDFCBANK.NS,2022-10,692.63,720.1637573242188,670.555419921875,228859558
HDFCBANK.NS,2022-11,758.99,785.6987915039062,720.3803100585938,304524968
HDFCBANK.NS,2022-12,783.05,799.821044921875,768.7376708984375,260319838
HDFCBANK.NS,2023-01,779.4,815.8198852539062,754.6154174804688,305998578
HDFCBANK.NS,2023-02,788.29,805.3305053710938,764.551513671875,253226370
HDFCBANK.NS,2023-03,762.1,784.6402587890625,741.91259765625,562501094
HDFCBANK.NS,2023-04,802.73,814.352294921875,774.9447021484375,593451762
HDFCBANK.NS,2023-05,797.79,831.3616943359375,782.2103271484375,771630090
HDFCBANK.NS,2023-06,788.85,828.047119140625,769.961181640625,609572204
HDFCBANK.NS,2023-07,813.92,841.0902709960938,794.7335205078125,928734390
HDFCBANK.NS,2023-08,783.41,808.9933471679688,759.9598388671875,843366162
HDFCBANK.NS,2023-09,771.46,808.75,741.5630493164062,1027627662
HDFCBANK.NS,2023-10,737.3,754.2898559570312,712.2158813476562,630175898
HDFCBANK.NS,2023-11,733.14,758.8160400390625,717.6181640625,582496848
HDFCBANK.NS,2023-12,804.16,831.8676147460938,756.990966796875,756530442
HDFCBANK.NS,2024-01,770.1,826.927734375,694.6708984375,1196034334
HDFCBANK.NS,2024-02,691.71,713.651611328125,673.5974731445312,946019356
HDFCBANK.NS,2024-03,702.39,710.755859375,693.7218627929688,925903414
HDFCBANK.NS,2024-04,737.14,754.1439208984375,715.6713256835938,724498572
HDFCBANK.NS,2024-05,731.71,755.5620727539062,704.4776611328125,741335130
HDFCBANK.NS,2024-06,796.71,844.2631225585938,731.6848754882812,915676130
HDFCBANK.NS,2024-07,810.01,872.531005859375,791.3286743164062,1054074768
HDFCBANK.NS,2024-08,805.21,818.9797973632812,789.922607421875,1132661864
HDFCBANK.NS,2024-09,834.46,879.832275390625,802.6258544921875,627190850
HDFCBANK.NS,2024-10,837.24,864.2430419921875,798.1119384765625,724470558
HDFCBANK.NS,2024-11,862.83,894.06494140625,829.463134765625,952836544
HDFCBANK.NS,2024-12,901.1,923.3934936523438,873.93701171875,439570614
HDFCBANK.NS,2025-01,828.37,884.9136352539062,804.0319213867188,512582768
HDFCBANK.NS,2025-02,842.62,860.29638671875,827.3665161132812,442100242
HDFCBANK.NS,2025-03,858.35,901.9088745117188,831.510498046875,415991688
HDFCBANK.NS,2025-04,917.07,967.7686767578124,867.1289672851562,537790998
HDFCBANK.NS,2025-05,951.65,965.5487060546876,932.248779296875,423102748
HDFCBANK.NS,2025-06,966.76,1004.9491577148438,946.0127563476562,419110306
HDFCBANK.NS,2025-07,998.24,1012.9000244140624,976.2705078125,360701648
HDFCBANK.NS,2025-08,987.94,1006.0999755859376,951.5999755859376,291977341
HDFCBANK.NS,2025-09,959.96,976.9000244140624,944.5,406444257
HDFCBANK.NS,2025-10,988.87,1008.7999877929688,965.1500244140624,451641320
HDFCBANK.NS,2025-11,994.07,1009.5,982.2999877929688,362530771
HDFCBANK.NS,2025-12,994.48,1003.2999877929688,979.7000122070312,312094857
INFY.NS,2020-01,653.44,678.5634765625,617.1257934570312,189277362
INFY.NS,2020-02,672.31,687.8005981445312,628.7258911132812,107786744
INFY.NS,2020-03,552.13,651.9691162109375,452.3612365722656,305156542
INFY.NS,2020-04,554.1,614.8057250976562,503.2729797363281,203538623
INFY.NS,2020-05,582.85,607.845703125,560.5000610351562,180604556
INFY.NS,2020-06,619.08,651.6552124023438,598.8311767578125,240810488
INFY.NS,2020-07,749.24,841.35107421875,637.45849609375,397100277
INFY.NS,2020-08,828.17,845.5752563476562,808.7770385742188,155088967
INFY.NS,2020-09,847.14,888.1654052734375,796.1915893554688,232397098
INFY.NS,2020-10,962.23,1008.4021606445312,886.3365478515625,284991815
INFY.NS,2020-11,977.78,1003.6092529296876,935.3843994140624,208543153
INFY.NS,2020-12,1042.65,1105.50634765625,991.6368408203124,205793830
INFY.NS,2021-01,1159.36,1221.13623046875,1090.7607421875,206714641
INFY.NS,2021-02,1130.12,1153.04345703125,1103.3052978515625,135880762
INFY.NS,2021-03,1187.68,1221.004150390625,1115.36572265625,170796692
INFY.NS,2021-04,1214.48,1268.58544921875,1174.171142578125,174375276
INFY.NS,2021-05,1191.68,1240.186279296875,1158.853759765625,110635877
INFY.NS,2021-06,1310.85,1406.6273193359375,1226.7501220703125,147298100
INFY.NS,2021-07,1401.49,1438.838623046875,1371.835205078125,109513508
INFY.NS,2021-08,1508.81,1549.7547607421875,1451.7857666015625,132748512
INFY.NS,2021-09,1515.99,1569.5086669921875,1490.626220703125,113957923
INFY.NS,2021-10,1529.97,1621.38525390625,1481.6834716796875,144440594
INFY.NS,2021-11,1557.72,1608.9581298828125,1518.60400390625,104526424
INFY.NS,2021-12,1611.25,1699.2225341796875,1521.880615234375,109472023
INFY.NS,2022-01,1641.95,1741.1002197265625,1506.8887939453125,141619689
INFY.NS,2022-02,1552.18,1604.2900390625,1506.48486328125,128928283
INFY.NS,2022-03,1647.81,1711.7901611328125,1528.61328125,154420688
INFY.NS,2022-04,1520.43,1708.8277587890625,1393.95751953125,170696670
INFY.NS,2022-05,1347.34,1422.998291015625,1266.1689453125,176039201
INFY.NS,2022-06,1327.14,1388.0809326171875,1258.576416015625,139144802
INFY.NS,2022-07,1347.21,1405.9078369140625,1296.27099609375,115124683
INFY.NS,2022-08,1421.87,1469.639404296875,1326.1182861328125,92398681
INFY.NS,2022-09,1299.59,1401.5985107421875,1238.75390625,171480153
INFY.NS,2022-10,1341.16,1410.2208251953125,1264.4278564453125,105106395
INFY.NS,2022-11,1446.17,1500.0994873046875,1377.4794921875,91935458
INFY.NS,2022-12,1425.74,1519.77197265625,1373.031494140625,127679808
INFY.NS,2023-01,1388.1,1423.2900390625,1328.458984375,142093979
INFY.NS,2023-02,1442.54,1482.9949951171875,1364.27294921875,99346960
INFY.NS,2023-03,1310.88,1382.523681640625,1260.6375732421875,142669535
INFY.NS,2023-04,1202.29,1309.93310546875,1122.0137939453125,181895956
INFY.NS,2023-05,1172.86,1214.1390380859375,1142.007080078125,153758884
INFY.NS,2023-06,1200.3,1241.286376953125,1175.7598876953125,125302884
INFY.NS,2023-07,1271.4,1371.1309814453125,1235.3843994140625,212488786
INFY.NS,2023-08,1300.41,1334.185302734375,1261.130126953125,107163346
INFY.NS,2023-09,1373.37,1404.96337890625,1334.185302734375,101541064
INFY.NS,2023-10,1334.37,1389.673828125,1279.9014892578125,115659556
INFY.NS,2023-11,1332.18,1374.191162109375,1274.9117431640625,85186084
INFY.NS,2023-12,1424.93,1486.0396728515625,1364.211669921875,130077843
INFY.NS,2024-01,1501.05,1577.36376953125,1402.8125,165823157
INFY.NS,2024-02,1582.54,1628.2508544921875,1558.67529296875,101673806
INFY.NS,2024-03,1490.78,1557.8748779296875,1397.0223388671875,135900753
INFY.NS,2024-04,1371.31,1418.62939453125,1328.67041015625,185453567
INFY.NS,2024-05,1355.44,1386.242431640625,1331.68310546875,174897064
INFY.NS,2024-06,1440.82,1510.922607421875,1338.3526611328125,177134468
INFY.NS,2024-07,1669.86,1804.3489990234373,1527.68017578125,192519323
INFY.NS,2024-08,1769.91,1866.5777587890625,1673.9853515625,124670491
INFY.NS,2024-09,1840.28,1886.5526123046875,1801.179931640625,134369302
INFY.NS,2024-10,1821.13,1890.0096435546875,1706.7401123046875,124181223
INFY.NS,2024-11,1790.31,1869.182861328125,1703.77783203125,106461012
INFY.NS,2024-12,1877.72,1942.22119140625,1825.7677001953125,104692952
INFY.NS,2025-01,1838.85,1910.4124755859373,1748.941162109375,149101080
INFY.NS,2025-02,1786.02,1860.587158203125,1639.189208984375,101783118
INFY.NS,2025-03,1585.38,1666.5301513671875,1525.5037841796875,157797728
INFY.NS,2025-04,1416.1,1505.593017578125,1356.602294921875,204300813
INFY.NS,2025-05,1514.19,1580.136962890625,1463.586181640625,147048530
INFY.NS,2025-06,1572.17,1615.173583984375,1519.734619140625,144990624
INFY.NS,2025-07,1557.71,1615.96142578125,1486.247314453125,158532995
INFY.NS,2025-08,1442.18,1508.9989013671875,1401.6424560546875,171842862
INFY.NS,2025-09,1469.4,1517.370849609375,1411.2947998046875,179457434
INFY.NS,2025-10,1468.44,1510.4000244140625,1419.37109375,150666519
INFY.NS,2025-11,1521.93,1566.4000244140625,1466.699951171875,188333389
INFY.NS,2025-12,1614.88,1689.5999755859375,1561.0,151211026
MARUTI.NS,2020-01,6858.4,7143.34033203125,6567.087890625,16442313
MARUTI.NS,2020-02,6450.71,6838.8515625,5922.4423828125,17107343
MARUTI.NS,2020-03,5151.4,6122.96484375,4008.88232421875,28273632
MARUTI.NS,2020-04,4754.8,5229.16259765625,3810.497314453125,34452642
MARUTI.NS,2020-05,4763.21,5329.6611328125,4420.94580078125,42615817
MARUTI.NS,2020-06,5418.39,5601.853515625,5154.26318359375,35977197
MARUTI.NS,2020-07,5720.05,5967.98974609375,5482.546875,30098735
MARUTI.NS,2020-08,6479.5,6814.44384765625,5856.28271484375,26098768
MARUTI.NS,2020-09,6622.21,6931.0859375,6035.95361328125,27329393
MARUTI.NS,2020-10,6691.33,6887.38134765625,6513.830078125,21301748
MARUTI.NS,2020-11,6658.95,6860.8798828125,6511.09912109375,23942197
MARUTI.NS,2020-12,7271.62,7478.8330078125,6806.53759765625,25416438
MARUTI.NS,2021-01,7555.59,7890.578125,6907.125,23494599
MARUTI.NS,2021-02,7104.94,7377.142578125,6580.7763671875,24953738
MARUTI.NS,2021-03,6792.64,6998.08056640625,6502.47265625,19429934
MARUTI.NS,2021-04,6400.29,6636.126953125,6187.33837890625,16710214
MARUTI.NS,2021-05,6508.79,6791.77685546875,6237.751953125,12662479
MARUTI.NS,2021-06,6958.97,7331.09033203125,6613.12451171875,14788544
MARUTI.NS,2021-07,7028.12,7283.599609375,6687.69140625,10634585
MARUTI.NS,2021-08,6665.11,6900.17626953125,6374.31591796875,13086935
MARUTI.NS,2021-09,6718.67,7160.6640625,6536.74560546875,18752908
MARUTI.NS,2021-10,7173.35,7427.794921875,6908.3857421875,14699235
MARUTI.NS,2021-11,7373.47,7981.3974609375,6817.23583984375,18121227
MARUTI.NS,2021-12,7088.13,7299.6552734375,6793.17041015625,13516331
MARUTI.NS,2022-01,7830.42,8507.51171875,7257.16650390625,17430257
MARUTI.NS,2022-02,8262.82,8632.177734375,7919.087890625,14795251
MARUTI.NS,2022-03,7149.38,7537.17529296875,6529.0771484375,25947939
MARUTI.NS,2022-04,7437.43,7631.845703125,7171.51513671875,11805484
MARUTI.NS,2022-05,7298.48,7729.79541015625,6850.17578125,14284627
MARUTI.NS,2022-06,7703.77,8207.248046875,7389.3583984375,18396865
MARUTI.NS,2022-07,8300.55,8517.8798828125,8052.72705078125,12678501
MARUTI.NS,2022-08,8604.1,8847.8515625,8376.916015625,12491317
MARUTI.NS,2022-09,8733.19,9128.2470703125,8373.8583984375,14302707
MARUTI.NS,2022-10,8570.14,9250.337890625,8298.2744140625,11529418
MARUTI.NS,2022-11,8818.45,9179.4619140625,8590.5625,11321190
MARUTI.NS,2022-12,8296.72,8697.4599609375,7904.67236328125,11972055
MARUTI.NS,2023-01,8251.48,8636.4384765625,8043.36474609375,11518729
MARUTI.NS,2023-02,8513.66,8682.0703125,8373.373046875,6631899
MARUTI.NS,2023-03,8183.93,8509.10546875,7969.916015625,8565901
MARUTI.NS,2023-04,8331.92,8478.5224609375,8201.2333984375,7988679
MARUTI.NS,2023-05,8878.76,9126.4033203125,8521.435546875,10660245
MARUTI.NS,2023-06,9264.27,9504.1796875,9055.8662109375,9071607
MARUTI.NS,2023-07,9464.21,9701.5146484375,9324.17578125,9040071
MARUTI.NS,2023-08,9341.11,9804.0810546875,9135.5498046875,11781782
MARUTI.NS,2023-09,10239.49,10467.5166015625,9975.63671875,11869772
MARUTI.NS,2023-10,10289.77,10573.06640625,9927.6142578125,8959018
MARUTI.NS,2023-11,10224.97,10396.9052734375,10023.5595703125,7972671
MARUTI.NS,2023-12,10179.89,10507.845703125,9812.9501953125,13343803
MARUTI.NS,2024-01,9832.68,10078.0009765625,9663.59375,13297715
MARUTI.NS,2024-02,10872.79,11425.0595703125,10220.3505859375,11979218
MARUTI.NS,2024-03,11538.36,12348.7919921875,11162.7548828125,10367412
MARUTI.NS,2024-04,12404.39,12736.7890625,12021.6572265625,10214391
MARUTI.NS,2024-05,12398.37,12740.90625,12117.2099609375,11099375
MARUTI.NS,2024-06,12205.4,12606.8369140625,11793.6025390625,11566705
MARUTI.NS,2024-07,12272.44,12853.9521484375,11783.556640625,14303166
MARUTI.NS,2024-08,12205.74,13092.3466796875,12001.2060546875,13890048
MARUTI.NS,2024-09,12391.76,13351.095703125,12015.69921875,10817960
MARUTI.NS,2024-10,12040.65,13025.025390625,10927.724609375,15101231
MARUTI.NS,2024-11,10982.09,11277.6376953125,10745.1513671875,8549897
MARUTI.NS,2024-12,10959.56,11196.763671875,10621.6376953125,7161172
MARUTI.NS,2025-01,11760.25,12178.833984375,11088.287109375,10860892
MARUTI.NS,2025-02,12571.74,12999.25390625,11817.939453125,8347776
MARUTI.NS,2025-03,11542.55,11794.5927734375,11390.515625,6508042
MARUTI.NS,2025-04,11577.24,12125.7578125,11208.4365234375,9087098
MARUTI.NS,2025-05,12410.96,12855.8564453125,12118.8330078125,7014973
MARUTI.NS,2025-06,12384.06,12668.8798828125,11996.1611328125,7164678
MARUTI.NS,2025-07,12392.78,12615.4580078125,12207.869140625,6396591
MARUTI.NS,2025-08,13475.47,14791.0,12302.0,9703180
MARUTI.NS,2025-09,15518.82,16286.0,14662.0,11944867
MARUTI.NS,2025-10,16207.14,16424.0,15806.0,6983795
MARUTI.NS,2025-11,15761.74,16156.0,15374.0,7116718
MARUTI.NS,2025-12,16333.75,16703.0,15994.0,5549524
RELIANCE.NS,2020-01,678.7,707.2652587890625,631.5059814453125,437126627
RELIANCE.NS,2020-02,644.56,672.7295532226562,594.375732421875,377887191
RELIANCE.NS,2020-03,492.74,600.72802734375,395.48248291015625,995166840
RELIANCE.NS,2020-04,568.9,655.8196411132812,482.0006103515625,1036286353
RELIANCE.NS,2020-05,659.26,705.3863525390625,636.2501220703125,1005220160
RELIANCE.NS,2020-06,737.11,794.53369140625,686.5802612304688,861696297
RELIANCE.NS,2020-07,879.49,987.4371948242188,784.68896484375,1335941504
RELIANCE.NS,2020-08,957.1,975.1492919921876,910.943359375,830457461
RELIANCE.NS,2020-09,1004.07,1054.023681640625,941.89013671875,820719574
RELIANCE.NS,2020-10,980.25,1037.22412109375,912.0542602539062,563006191
RELIANCE.NS,2020-11,891.77,945.2001342773438,839.0291748046875,936566648
RELIANCE.NS,2020-12,897.04,919.0824584960938,878.1602783203125,504375631
RELIANCE.NS,2021-01,887.67,951.93359375,835.19775390625,650164156
RELIANCE.NS,2021-02,911.96,972.3153076171876,859.3882446289062,522484840
RELIANCE.NS,2021-03,950.86,998.5009155273438,902.9857177734376,420656889
RELIANCE.NS,2021-04,889.31,917.767578125,862.0408935546875,327179767
RELIANCE.NS,2021-05,894.43,979.547607421875,867.4820556640625,374374485
RELIANCE.NS,2021-06,994.43,1023.7769775390624,949.1550903320312,503558070
RELIANCE.NS,2021-07,951.57,978.3668823242188,926.0859985351562,215416700
RELIANCE.NS,2021-08,979.78,1032.9910888671875,943.012451171875,282080043
RELIANCE.NS,2021-09,1103.56,1159.3934326171875,1031.557861328125,328996430
RELIANCE.NS,2021-10,1197.21,1243.0245361328125,1148.3138427734375,233774762
RELIANCE.NS,2021-11,1129.08,1179.8916015625,1069.915283203125,321236132
RELIANCE.NS,2021-12,1086.78,1129.7266845703125,1036.2215576171875,286415796
RELIANCE.NS,2022-01,1115.59,1161.304443359375,1062.8397216796875,274562944
RELIANCE.NS,2022-02,1077.47,1111.8218994140625,1026.3934326171875,251101938
RELIANCE.NS,2022-03,1119.22,1216.2244873046875,1017.1793823242188,314247631
RELIANCE.NS,2022-04,1216.06,1283.0657958984375,1157.4822998046875,295144142
RELIANCE.NS,2022-05,1167.81,1265.13818359375,1091.7559814453125,403745610
RELIANCE.NS,2022-06,1194.32,1273.46484375,1121.581787109375,351700770
RELIANCE.NS,2022-07,1106.05,1141.829833984375,1081.8138427734375,426895033
RELIANCE.NS,2022-08,1189.7,1214.87451171875,1153.0003662109375,235203079
RELIANCE.NS,2022-09,1143.56,1195.906982421875,1061.4915771484375,257534235
RELIANCE.NS,2022-10,1112.51,1163.8837890625,1076.373291015625,204763153
RELIANCE.NS,2022-11,1188.51,1246.85205078125,1154.8680419921875,226250915
RELIANCE.NS,2022-12,1189.25,1243.17724609375,1142.245849609375,197847431
RELIANCE.NS,2023-01,1128.53,1185.4302978515625,1066.992431640625,285629542
RELIANCE.NS,2023-02,1080.31,1113.9429931640625,1052.635498046875,305711483
RELIANCE.NS,2023-03,1044.72,1103.51220703125,1004.8631591796876,348033691
RELIANCE.NS,2023-04,1074.4,1104.949951171875,1061.2861328125,209837745
RELIANCE.NS,2023-05,1125.24,1150.6453857421875,1104.767333984375,218569023
RELIANCE.NS,2023-06,1148.56,1176.574462890625,1120.7904052734375,223723612
RELIANCE.NS,2023-07,1243.36,1297.294921875,1179.8155517578125,416254816
RELIANCE.NS,2023-08,1239.84,1274.6546630859375,1194.6578369140625,298475086
RELIANCE.NS,2023-09,1193.69,1228.20947265625,1158.4757080078125,317033836
RELIANCE.NS,2023-10,1145.45,1168.972900390625,1105.07080078125,205673358
RELIANCE.NS,2023-11,1167.04,1191.5308837890625,1140.2603759765625,205714960
RELIANCE.NS,2023-12,1240.63,1293.2034912109375,1188.3544921875,255462630
RELIANCE.NS,2024-01,1338.09,1437.4111328125,1280.7705078125,258674746
RELIANCE.NS,2024-02,1451.72,1482.6512451171875,1416.1683349609375,238810562
RELIANCE.NS,2024-03,1452.6,1496.3250732421875,1407.80517578125,225478698
RELIANCE.NS,2024-04,1457.3,1476.025146484375,1439.5205078125,219497200
RELIANCE.NS,2024-05,1423.9,1475.1319580078125,1383.88232421875,240194884
RELIANCE.NS,2024-06,1459.58,1553.89892578125,1387.0091552734375,319049706
RELIANCE.NS,2024-07,1539.19,1589.13818359375,1476.96826171875,230090166
RELIANCE.NS,2024-08,1476.91,1514.874755859375,1436.6912841796875,259569538
RELIANCE.NS,2024-09,1478.18,1520.1038818359375,1445.7259521484375,297714904
RELIANCE.NS,2024-10,1358.19,1458.997802734375,1322.5677490234375,400774438
RELIANCE.NS,2024-11,1276.86,1333.3248291015625,1218.1348876953125,279900722
RELIANCE.NS,2024-12,1255.95,1318.035888671875,1200.50537109375,288559407
RELIANCE.NS,2025-01,1247.99,1300.2568359375,1213.15478515625,285691250
RELIANCE.NS,2025-02,1231.34,1280.08740234375,1195.325927734375,206663951
RELIANCE.NS,2025-03,1239.42,1296.920166015625,1157.2779541015625,262251811
RELIANCE.NS,2025-04,1264.71,1399.410888671875,1161.062744140625,295755870
RELIANCE.NS,2025-05,1417.61,1450.6064453125,1371.721435546875,233059332
RELIANCE.NS,2025-06,1442.77,1509.3717041015625,1399.908935546875,220582932
RELIANCE.NS,2025-07,1462.66,1535.367919921875,1382.080078125,246759644
RELIANCE.NS,2025-08,1389.98,1424.800048828125,1357.199951171875,189160866
RELIANCE.NS,2025-09,1383.1,1415.0,1353.9000244140625,213518442
RELIANCE.NS,2025-10,1421.01,1504.199951171875,1363.4000244140625,249059752
RELIANCE.NS,2025-11,1520.24,1569.9000244140625,1473.0999755859375,201185705
RELIANCE.NS,2025-12,1549.98,1575.4000244140625,1529.4000244140625,168993318
SUNPHARMA.NS,2020-01,416.11,425.0547180175781,406.0740051269531,92209293
SUNPHARMA.NS,2020-02,383.64,402.8014526367188,351.1816101074219,122597413
SUNPHARMA.NS,2020-03,344.8,381.8358459472656,305.6005859375,234583762
SUNPHARMA.NS,2020-04,426.42,461.3672790527344,323.5410461425781,383517727
SUNPHARMA.NS,2020-05,431.2,446.6288757324219,415.0328674316406,203821880
SUNPHARMA.NS,2020-06,456.93,471.5854187011719,438.2943115234375,254352618
SUNPHARMA.NS,2020-07,459.24,500.7328796386719,440.8840942382813,230609330
SUNPHARMA.NS,2020-08,499.58,524.379150390625,489.1492309570313,223672479
SUNPHARMA.NS,2020-09,479.21,493.90240478515625,458.3775329589844,233431260
SUNPHARMA.NS,2020-10,465.35,494.5156555175781,430.5899963378906,162465333
SUNPHARMA.NS,2020-11,477.66,490.7886352539063,442.9033203125,235023259
SUNPHARMA.NS,2020-12,538.93,558.9130249023438,508.9047546386719,222828029
SUNPHARMA.NS,2021-01,562.07,585.94580078125,532.4935302734375,162671076
SUNPHARMA.NS,2021-02,586.65,612.62646484375,556.8372802734375,186129882
SUNPHARMA.NS,2021-03,571.45,595.8272094726562,546.8570556640625,120684307
SUNPHARMA.NS,2021-04,602.04,622.9058227539062,579.4561157226562,162984571
SUNPHARMA.NS,2021-05,653.61,673.9699096679688,614.0541381835938,187577952
SUNPHARMA.NS,2021-06,640.49,648.4616088867188,632.7569580078125,84619114
SUNPHARMA.NS,2021-07,654.76,736.6461181640625,634.7557983398438,102259957
SUNPHARMA.NS,2021-08,742.5,757.768310546875,724.4629516601562,109028522
SUNPHARMA.NS,2021-09,743.82,780.8624877929688,721.9340209960938,78988034
SUNPHARMA.NS,2021-10,784.15,804.05224609375,758.6748657226562,59201656
SUNPHARMA.NS,2021-11,754.16,778.1429443359375,716.733154296875,78044019
SUNPHARMA.NS,2021-12,742.54,807.058349609375,703.4683227539062,102921203
SUNPHARMA.NS,2022-01,794.5,825.9537353515625,764.257568359375,75255545
SUNPHARMA.NS,2022-02,832.93,860.1721801757812,787.0242919921875,72185894
SUNPHARMA.NS,2022-03,850.73,885.4685668945312,789.5732421875,74420646
SUNPHARMA.NS,2022-04,888.27,908.0716552734376,865.6544799804688,38601043
SUNPHARMA.NS,2022-05,856.17,888.1616821289062,817.5626831054688,88126009
SUNPHARMA.NS,2022-06,801.11,832.08642578125,763.1226196289062,61530579
SUNPHARMA.NS,2022-07,833.79,907.2060546875,797.6045532226562,60085554
SUNPHARMA.NS,2022-08,869.91,885.9013061523438,846.59130859375,53123241
SUNPHARMA.NS,2022-09,864.64,915.4437866210938,837.6650390625,70643466
SUNPHARMA.NS,2022-10,938.56,981.3048095703124,911.4390258789062,51074449
SUNPHARMA.NS,2022-11,989.99,1015.1278076171876,968.0360717773438,46678876
SUNPHARMA.NS,2022-12,970.27,1009.8203735351562,946.4683837890624,57594089
SUNPHARMA.NS,2023-01,992.34,1014.8865966796876,962.1012573242188,45278126
SUNPHARMA.NS,2023-02,965.2,992.1610107421876,930.0464477539062,43090957
SUNPHARMA.NS,2023-03,939.5,964.3666381835938,924.9908447265624,44633588
SUNPHARMA.NS,2023-04,966.05,988.4781494140624,944.289794921875,33806250
SUNPHARMA.NS,2023-05,927.88,948.2760009765624,900.1500244140625,62719438
SUNPHARMA.NS,2023-06,971.02,1022.409423828125,956.6373291015624,58607257
SUNPHARMA.NS,2023-07,1051.08,1115.5928955078125,1004.0341186523438,53683804
SUNPHARMA.NS,2023-08,1106.04,1132.56982421875,1079.3955078125,51144864
SUNPHARMA.NS,2023-09,1109.36,1130.4722900390625,1081.9320068359375,42060591
SUNPHARMA.NS,2023-10,1099.42,1125.3497314453125,1062.1256103515625,34318492
SUNPHARMA.NS,2023-11,1150.98,1196.037841796875,1089.0545654296875,36462755
SUNPHARMA.NS,2023-12,1210.11,1231.455078125,1188.378662109375,39180032
SUNPHARMA.NS,2024-01,1300.79,1383.953857421875,1229.601318359375,47105406
SUNPHARMA.NS,2024-02,1489.82,1553.0611572265625,1373.7091064453125,51274739
SUNPHARMA.NS,2024-03,1549.06,1590.152099609375,1519.1591796875,53134787
SUNPHARMA.NS,2024-04,1526.99,1598.68896484375,1456.80126953125,56457137
SUNPHARMA.NS,2024-05,1479.05,1516.2645263671875,1431.7305908203125,61789131
SUNPHARMA.NS,2024-06,1467.6,1492.61669921875,1403.029296875,48278450
SUNPHARMA.NS,2024-07,1575.88,1696.287841796875,1491.5863037109375,42925724
SUNPHARMA.NS,2024-08,1726.82,1793.148193359375,1680.83349609375,47647285
SUNPHARMA.NS,2024-09,1827.45,1918.2103271484373,1783.156982421875,40917398
SUNPHARMA.NS,2024-10,1861.28,1900.6396484375,1810.5711669921875,38309046
SUNPHARMA.NS,2024-11,1759.76,1829.3232421875,1707.1156005859375,38347472
SUNPHARMA.NS,2024-12,1791.29,1856.8359375,1761.058349609375,40556337
SUNPHARMA.NS,2025-01,1767.48,1860.3795166015625,1678.8154296875,44037536
SUNPHARMA.NS,2025-02,1679.65,1737.6307373046875,1577.7735595703125,46136210
SUNPHARMA.NS,2025-03,1669.66,1767.462890625,1551.283447265625,36486045
SUNPHARMA.NS,2025-04,1724.52,1823.711181640625,1636.15087890625,58142050
SUNPHARMA.NS,2025-05,1712.65,1818.7596435546875,1650.2130126953125,65813417
SUNPHARMA.NS,2025-06,1657.14,1677.9410400390625,1631.5955810546875,50799998
SUNPHARMA.NS,2025-07,1677.8,1722.6103515625,1651.005126953125,42076809
SUNPHARMA.NS,2025-08,1610.97,1646.0078125,1575.466064453125,51605621
SUNPHARMA.NS,2025-09,1594.77,1645.3123779296875,1553.210693359375,59536133
SUNPHARMA.NS,2025-10,1661.15,1704.8258056640625,1620.67236328125,41119215
SUNPHARMA.NS,2025-11,1740.41,1819.779052734375,1675.0194091796875,35050941
SUNPHARMA.NS,2025-12,1766.38,1806.56494140625,1706.1173095703125,40477567
TCS.NS,2020-01,1860.5,1915.5994873046875,1769.94580078125,63370917
TCS.NS,2020-02,1826.17,1886.3216552734373,1702.776123046875,47325614
TCS.NS,2020-03,1571.52,1809.106689453125,1403.24267578125,115636914
TCS.NS,2020-04,1537.14,1727.480224609375,1418.5499267578125,88919456
TCS.NS,2020-05,1668.42,1732.539794921875,1622.173583984375,65345631
TCS.NS,2020-06,1769.25,1822.348876953125,1733.977294921875,73992134
TCS.NS,2020-07,1909.15,1990.9913330078125,1799.299072265625,106379633
TCS.NS,2020-08,1947.82,1989.5697021484373,1929.6180419921875,65560742
TCS.NS,2020-09,2069.64,2174.769287109375,1936.341064453125,116405821
TCS.NS,2020-10,2346.25,2439.44384765625,2175.19970703125,128617294
TCS.NS,2020-11,2314.99,2360.335205078125,2254.723388671875,65135883
TCS.NS,2020-12,2441.28,2536.844482421875,2345.488525390625,62832148
TCS.NS,2021-01,2750.95,2869.7783203125,2534.897216796875,84685394
TCS.NS,2021-02,2693.78,2787.643310546875,2510.275390625,65464843
TCS.NS,2021-03,2662.72,2756.203125,2536.20849609375,71839377
TCS.NS,2021-04,2756.55,2881.444091796875,2632.870361328125,61328558
TCS.NS,2021-05,2694.27,2771.559326171875,2634.0419921875,43538924
TCS.NS,2021-06,2839.84,2946.568359375,2727.501708984375,45079239
TCS.NS,2021-07,2814.83,2912.31640625,2766.645751953125,44349890
TCS.NS,2021-08,3041.45,3307.318603515625,2812.02197265625,56678047
TCS.NS,2021-09,3348.97,3454.147216796875,3244.865478515625,50565601
TCS.NS,2021-10,3182.11,3437.63916015625,2973.498291015625,71251894
TCS.NS,2021-11,3057.1,3112.3388671875,3013.361083984375,43267875
TCS.NS,2021-12,3177.75,3271.570556640625,3094.836181640625,44724473
TCS.NS,2022-01,3369.3,3517.30908203125,3199.207275390625,66332036
TCS.NS,2022-02,3258.32,3380.63525390625,2982.142822265625,66967591
TCS.NS,2022-03,3193.6,3287.40087890625,3055.12548828125,50559459
TCS.NS,2022-04,3188.47,3344.34130859375,3043.72900390625,43295317
TCS.NS,2022-05,2965.47,3105.534423828125,2795.70654296875,51124294
TCS.NS,2022-06,2904.9,3036.2099609375,2726.203125,50689330
TCS.NS,2022-07,2798.84,2925.843505859375,2649.952880859375,59847596
TCS.NS,2022-08,2939.77,3028.60546875,2772.02587890625,34342786
TCS.NS,2022-09,2730.12,2869.7197265625,2638.8466796875,53936799
TCS.NS,2022-10,2763.08,2832.964111328125,2641.4130859375,36559310
TCS.NS,2022-11,2935.06,3014.130126953125,2844.053955078125,35504157
TCS.NS,2022-12,2934.89,3083.598388671875,2840.860107421875,32369777
TCS.NS,2023-01,3009.11,3117.984619140625,2849.2890625,39921886
TCS.NS,2023-02,3141.45,3228.45703125,3005.97021484375,31342992
TCS.NS,2023-03,2927.25,3076.336669921875,2818.372314453125,39995219
TCS.NS,2023-04,2890.22,2961.100830078125,2803.40087890625,43824242
TCS.NS,2023-05,2962.14,3020.533203125,2885.33544921875,36616015
TCS.NS,2023-06,2952.13,3018.63623046875,2902.223388671875,38361975
TCS.NS,2023-07,3087.51,3212.79443359375,2979.92333984375,47658115
TCS.NS,2023-08,3132.98,3193.1044921875,3076.481201171875,35920566
TCS.NS,2023-09,3233.4,3305.00830078125,3097.010009765625,38442941
TCS.NS,2023-10,3208.96,3334.51904296875,3066.017578125,39818106
TCS.NS,2023-11,3151.14,3243.725830078125,3060.412841796875,36207838
TCS.NS,2023-12,3404.63,3547.732666015625,3226.726806640625,45572195
TCS.NS,2024-01,3500.47,3648.366455078125,3369.288818359375,47730057
TCS.NS,2024-02,3765.71,3839.386962890625,3566.110107421875,43410829
TCS.NS,2024-03,3743.71,3903.92431640625,3553.850341796875,57449760
TCS.NS,2024-04,3611.89,3704.11376953125,3535.11376953125,50101987
TCS.NS,2024-05,3590.93,3681.582763671875,3421.288330078125,48397883
TCS.NS,2024-06,3566.36,3666.5888671875,3451.01953125,49068284
TCS.NS,2024-07,3888.24,4098.93017578125,3643.28857421875,69792747
TCS.NS,2024-08,4084.21,4253.90625,3881.459228515625,44299362
TCS.NS,2024-09,4117.08,4224.8076171875,3987.43896484375,46733974
TCS.NS,2024-10,3868.01,4005.5615234375,3716.189697265625,51094057
TCS.NS,2024-11,3890.74,4076.013916015625,3712.162841796875,41293329
TCS.NS,2024-12,4037.52,4189.5107421875,3834.50830078125,44350531
TCS.NS,2025-01,3902.26,4018.32958984375,3772.2353515625,52659817
TCS.NS,2025-02,3708.61,3916.74755859375,3321.851806640625,49123315
TCS.NS,2025-03,3402.11,3488.2666015625,3331.19775390625,47029445
TCS.NS,2025-04,3208.91,3386.271728515625,3081.7666015625,65011123
TCS.NS,2025-05,3339.4,3452.646728515625,3272.022705078125,44084702
TCS.NS,2025-06,3301.69,3382.214111328125,3243.4736328125,52326211
TCS.NS,2025-07,3127.57,3299.854736328125,2931.74560546875,69690019
TCS.NS,2025-08,2954.68,3047.980712890625,2899.11474609375,53757754
TCS.NS,2025-09,2961.62,3066.805908203125,2788.479248046875,57390757
TCS.NS,2025-10,2912.46,2989.2890625,2801.51220703125,68680230
TCS.NS,2025-11,2996.54,3064.87158203125,2897.5244140625,53227100
TCS.NS,2025-12,3133.0,3221.850830078125,3036.285888671875,48714240
WIPRO.NS,2020-01,114.43,118.07025909423828,109.144287109375,167255898
WIPRO.NS,2020-02,111.18,114.12216186523438,102.06926727294922,112896074
WIPRO.NS,2020-03,89.62,105.8718032836914,74.82929229736328,242645708
WIPRO.NS,2020-04,85.3,90.66165924072266,81.92735290527344,266061580
WIPRO.NS,2020-05,87.15,98.0823745727539,83.97842407226562,303810070
WIPRO.NS,2020-06,100.23,104.37384033203124,95.82389068603516,390003838
WIPRO.NS,2020-07,115.28,130.9455108642578,100.96307373046876,920426470
WIPRO.NS,2020-08,127.45,130.30020141601562,124.4235610961914,390312402
WIPRO.NS,2020-09,137.76,145.87908935546875,125.1840591430664,871468974
WIPRO.NS,2020-10,158.88,173.99481201171875,144.2889404296875,1175853034
WIPRO.NS,2020-11,159.71,164.01602172851562,154.31378173828125,297447728
WIPRO.NS,2020-12,168.22,178.02780151367188,161.0200958251953,482107126
WIPRO.NS,2021-01,198.8,211.55923461914065,178.8804931640625,935261662
WIPRO.NS,2021-02,198.42,204.1817169189453,189.5379180908203,450786890
WIPRO.NS,2021-03,193.59,202.7034912109375,184.6181640625,520987852
WIPRO.NS,2021-04,211.36,227.62567138671875,192.35581970214844,855796896
WIPRO.NS,2021-05,236.9,249.8685607910156,222.63661193847656,403015910
WIPRO.NS,2021-06,253.48,259.4308776855469,249.0139312744141,259351206
WIPRO.NS,2021-07,259.1,276.7771301269531,242.4542388916016,416597970
WIPRO.NS,2021-08,284.66,296.08660888671875,273.58966064453125,252605220
WIPRO.NS,2021-09,305.82,317.10528564453125,292.9222717285156,255022418
WIPRO.NS,2021-10,308.8,328.7002258300781,293.6844482421875,397620074
WIPRO.NS,2021-11,299.57,305.71826171875,287.0785827636719,193721306
WIPRO.NS,2021-12,307.69,330.4556579589844,288.48748779296875,374678884
WIPRO.NS,2022-01,297.3,333.296630859375,252.0567626953125,451742086
WIPRO.NS,2022-02,261.02,272.0685729980469,248.54022216796875,318097358
WIPRO.NS,2022-03,273.99,282.8033142089844,256.8919677734375,332022528
WIPRO.NS,2022-04,258.69,280.212158203125,237.38250732421875,243496254
WIPRO.NS,2022-05,220.84,233.8133850097656,207.54641723632807,354377080
WIPRO.NS,2022-06,205.81,221.84629821777344,189.0475616455078,328874678
WIPRO.NS,2022-07,192.13,197.6788024902344,183.75216674804688,317713196
WIPRO.NS,2022-08,199.63,206.7066345214844,188.6510009765625,253809092
WIPRO.NS,2022-09,189.19,197.18893432617188,183.2622985839844,306481982
WIPRO.NS,2022-10,182.12,191.8935394287109,175.00430297851562,311789488
WIPRO.NS,2022-11,184.49,189.8406982421875,181.2561187744141,230075664
WIPRO.NS,2022-12,184.61,193.0132751464844,176.19400024414062,219657556
WIPRO.NS,2023-01,185.28,190.16798400878903,178.2235107421875,206482770
WIPRO.NS,2023-02,188.13,191.71139526367188,181.02438354492188,135536140
WIPRO.NS,2023-03,175.72,184.1580047607422,166.5957794189453,141174236
WIPRO.NS,2023-04,173.24,180.06561279296875,168.7471923828125,148982596
WIPRO.NS,2023-05,182.18,188.78826904296875,177.44647216796875,164238454
WIPRO.NS,2023-06,183.04,190.4252166748047,177.7036895751953,251790996
WIPRO.NS,2023-07,187.76,195.47642517089844,182.3807373046875,266396264
WIPRO.NS,2023-08,192.6,195.8037872314453,186.91744995117188,179756492
WIPRO.NS,2023-09,199.36,206.28033447265625,189.58335876464844,244713680
WIPRO.NS,2023-10,186.92,196.9730529785156,176.90859985351562,172276764
WIPRO.NS,2023-11,183.34,193.1846618652344,177.39968872070312,166873736
WIPRO.NS,2023-12,203.84,220.4283447265625,189.11566162109372,410536304
WIPRO.NS,2024-01,219.51,231.3258514404297,209.6244201660156,465438876
WIPRO.NS,2024-02,240.09,254.50428771972656,220.92189025878903,359392948
WIPRO.NS,2024-03,236.03,243.95851135253903,221.3671417236328,221980698
WIPRO.NS,2024-04,219.48,228.4445343017578,208.26698303222656,276198328
WIPRO.NS,2024-05,213.96,218.3206024169922,204.79861450195312,249561860
WIPRO.NS,2024-06,225.58,241.3103485107422,205.3610382080078,443979060
WIPRO.NS,2024-07,250.08,268.6590270996094,234.39703369140625,477682550
WIPRO.NS,2024-08,239.17,252.48887634277344,227.3196563720703,291660622
WIPRO.NS,2024-09,250.4,258.6757202148437,241.07598876953125,309157544
WIPRO.NS,2024-10,253.83,264.932861328125,246.0676727294922,386870718
WIPRO.NS,2024-11,265.43,276.0644836425781,253.4731292724609,247440908
WIPRO.NS,2024-12,285.5,293.17205810546875,273.39288330078125,233853929
WIPRO.NS,2025-01,282.84,300.0619201660156,264.3001403808594,332369903
WIPRO.NS,2025-02,294.28,305.02056884765625,265.4410705566406,216932988
WIPRO.NS,2025-03,260.17,273.3282775878906,248.42376708984372,217653426
WIPRO.NS,2025-04,233.83,252.0088806152344,223.85385131835935,332546938
WIPRO.NS,2025-05,237.56,245.9667816162109,230.5843048095703,204854092
WIPRO.NS,2025-06,247.61,257.5633850097656,235.3931121826172,185478934
WIPRO.NS,2025-07,250.3,258.1752624511719,242.05084228515625,217521483
WIPRO.NS,2025-08,239.88,247.451416015625,233.0336456298828,162012716
WIPRO.NS,2025-09,242.22,250.4636383056641,229.8166961669922,180656372
WIPRO.NS,2025-10,237.98,247.4221649169922,234.6128692626953,213344590
WIPRO.NS,2025-11,237.83,243.89328002929688,230.5380859375,153246080
WIPRO.NS,2025-12,254.51,265.8075256347656,243.873779296875,152122396
